Row,A15dBto6dB,B3dBto3dB,C6dBto15dB
CNR,1.50773574773114,0.0480413687620145,0.601431009913864
