Row,負15dB和負6dB,負3dB和正3dB,正6dB和正15dB
CNR,1.50773574773114,0.0480413687620145,0.601431009913864
