Row,負15dB和負6dB,負3dB和正3dB,正6dB和正15dB
CNR,2.21680669412347,0.544271341232453,0.193607102083192
