Row,負15dB和負6dB,負3dB和正3dB,正6dB和正15dB
CNR,0.0913893761403897,0.838694640276527,1.23049646412891
