Row,負15dB和負6dB,負3dB和正3dB,正6dB和正15dB
CNR,0.2284280195117,1.25356417018746,1.06455157861478
