Row,A15dBto6dB,B3dBto3dB,C6dBto15dB
CNR,0.0913893761403897,0.838694640276527,1.23049646412891
