Row,A15dBto6dB,B3dBto3dB,C6dBto15dB
CNR,0.2284280195117,1.25356417018746,1.06455157861478
