Row,A15dB6dB,B3dBto3dB,C6dBto15dB
CNR,2.21680669412347,0.544271341232453,0.193607102083192
