Row,speckleStd
In Focus,2.18850670168981
Out Focus,2.3659751129719
