Row,speckleStd
In Focus,1.85955350077375
Out Focus,1.87701624088202
