Row,speckleStd
In Focus,1.85806436047414
Out Focus,1.46467184032543
