Row,speckleStd
In Focus,2.46031687510177
Out Focus,2.15699941892348
