Row,speckleStd
In Focus,2.62093209070806
Out Focus,2.95600552442126
