Row,speckleStd
In Focus,2.0591363015756
Out Focus,2.09933948396461
