Row,speckleStd
In Focus,2.30119717391589
Out Focus,1.95521979312996
