Row,speckleStd
In Focus,2.52223087523631
Out Focus,2.8006540657354
